{
  "type": "zeromq",
  "pattern": "socket",
  "num_messages": 100,
  "messages_received": 100,
  "latencies": [
    2.0847320556640625,
    2.626657485961914,
    0.7131099700927734,
    1.0116100311279297,
    1.0790824890136719,
    1.6698837280273438,
    1.0879039764404297,
    1.4007091522216797,
    1.1239051818847656,
    1.0581016540527344,
    1.2111663818359375,
    1.0805130004882812,
    0.8513927459716797,
    1.0654926300048828,
    1.3332366943359375,
    0.9839534759521484,
    1.1756420135498047,
    1.0793209075927734,
    1.065969467163086,
    1.0144710540771484,
    0.6210803985595703,
    1.0726451873779297,
    1.0113716125488281,
    1.0271072387695312,
    1.0714530944824219,
    1.0900497436523438,
    1.0776519775390625,
    0.0,
    1.0983943939208984,
    1.028299331665039,
    0.5240440368652344,
    1.0879039764404297,
    0.9696483612060547,
    1.4681816101074219,
    0.5130767822265625,
    1.073598861694336,
    1.0790824890136719,
    1.1022090911865234,
    0.8070468902587891,
    1.0120868682861328,
    1.2183189392089844,
    1.4111995697021484,
    1.157999038696289,
    1.6353130340576172,
    1.155853271484375,
    0.5578994750976562,
    0.5550384521484375,
    0.5586147308349609,
    1.7123222351074219,
    1.0378360748291016,
    1.0800361633300781,
    1.5876293182373047,
    1.1000633239746094,
    1.1136531829833984,
    0.5104541778564453,
    1.0182857513427734,
    0.5109310150146484,
    0.5114078521728516,
    1.2514591217041016,
    1.0564327239990234,
    1.0111331939697266,
    1.129150390625,
    1.0981559753417969,
    1.085519790649414,
    1.0128021240234375,
    0.5631446838378906,
    1.3115406036376953,
    1.013040542602539,
    1.1036396026611328,
    1.2576580047607422,
    1.0876655578613281,
    1.0139942169189453,
    0.5881786346435547,
    1.0116100311279297,
    1.0106563568115234,
    0.9572505950927734,
    1.154184341430664,
    1.2328624725341797,
    1.0638236999511719,
    1.2753009796142578,
    1.142263412475586,
    1.1332035064697266,
    0.5445480346679688,
    0.9627342224121094,
    1.074075698852539,
    1.7473697662353516,
    1.2545585632324219,
    0.9493827819824219,
    0.51116943359375,
    0.5097389221191406,
    0.5090236663818359,
    0.5075931549072266,
    0.5092620849609375,
    1.013040542602539,
    1.247406005859375,
    1.0707378387451172,
    1.0766983032226562,
    0.0,
    0.0,
    1.085042953491211
  ],
  "mean_latency": 1.020216941833496,
  "median_latency": 1.0720491409301758,
  "min_latency": 0.0,
  "max_latency": 2.626657485961914,
  "stdev_latency": 0.3825843073760602,
  "messages_per_second": 87.3764239256759,
  "total_time": 1.1330287456512451
}